{
  "species": [
    10.227536231884057,
    4.146298472385429,
    13.946640316205533,
    9.588315217391305,
    11.801003344481606,
    6.261756876663709,
    10.227536231884057,
    6.973320158102767,
    7.48356309650053,
    2.360200668896321,
    1.4404980608287405,
    5.0299358517462585,
    0.8919362992922144,
    0.5262883138190767,
    9.29776021080369,
    6.392210144927536,
    0.14844029364127806,
    0.28226870925162995,
    1.4680674017058457,
    0.2809762701067049,
    0.4862537035761042,
    8.766459627329192,
    1.7433300395256917
  ],
  "host": [
    0.4856179466006056,
    1.9850914205344585,
    2.288261997405966
  ],
  "geo": [
    29.65126050420168,
    3.1308784383318544,
    2.2503188775510203,
    1.1404330963154492,
    45.824675324675326,
    14.82563025210084,
    0.19097231618542473
  ]
}